<?xml version="1.0" encoding="UTF-8"?>
<rest-connector
    xmlns="http://www.softwareag.com/cloudstreams/metadata/handler/model"
    id="com.softwareag.cloudstreams.linkedin_v1" version="1" group="Social"
    name="LinkedIn" displayName="LinkedIn">
    <description>webMethods CloudStreams Provider for LinkedIn.
    </description>
    <connections>
        <connection type="sagcloud" name="connection" displayName="Connection">
            <groups>
                <group type="connection" name="connection" displayName="Connection">
                    <fields>
                        <field defaultValue="https://api.linkedin.com/v1" name="cn.providerUrl"
                            displayName="Server URL" />
                    </fields>
                </group>
				<group type="oauth_v20" name="oauth2_access_token" displayName="OAuth Access Token">
                    <fields>
                        <field name="oa.alias_key" isRequired="true" displayName="OAuth Token Alias"/>
                    </fields>
                </group>
            </groups>
            <start />
            <stop />
        </connection>
    </connections>
    <services>
        <service xmlns:xsi="http://www.w3.org/2001/XMLSchema-instance"
            xsi:type="RESTServiceType" endpoint="${cn.providerUrl}" name="LinkedIn"
            displayName="LinkedIn">
            <description>LinkedIn REST API</description>
            <documentModel packageName="WmLinkedInProvider" nsName="wmlinkedin_v1.doctypes"
                useInlineModel="false" />
            <resources>

                <!-- Get User Information -->
                <resource method="GET" path="/people/~" name="GetUserInformation"
                    displayName="Get User Information">
                    <description>Returns the user information.</description>
                    <responses>
                        <response name="GetUserInformationResponse" code="200"
                            messageFormatterType="application/octet+idataoref" builderType="application/xml"
                            documentRef="wmlinkedin_v1.doctypes:GetUserInformationResponse"
                            excludeRoot="true" />
                        <response name="ErrorResponse" code="400-404"
                            messageFormatterType="application/octet+idataoref" builderType="application/xml"
                            documentRef="wmlinkedin_v1.doctypes:ErrorResponse" excludeRoot="true" />
                    </responses>
                </resource>

                <!-- Get Following Companies -->
                <resource method="GET" path="/people/~/following/companies"
                    name="GetFollowingCompanies" displayName="Get Following Companies">
                    <description>Returns the details of companies followed by user.
                    </description>
                    <responses>
                        <response name="GetFollowingCompaniesResponse" code="200"
                            messageFormatterType="application/octet+idataoref" builderType="application/xml"
                            documentRef="wmlinkedin_v1.doctypes:GetFollowingCompaniesResponse"
                            excludeRoot="true" />
                        <response name="ErrorResponse" code="400-404"
                            messageFormatterType="application/octet+idataoref" builderType="application/xml"
                            documentRef="wmlinkedin_v1.doctypes:ErrorResponse" excludeRoot="true" />
                    </responses>
                </resource>

                <!-- Get Group Suggestion -->
                <resource method="GET" path="/people/~/suggestions/groups"
                    name="GetGroupSuggestion" displayName="Get Group Suggestion">
                    <description>Returns the details of groups suggested by other users.
                    </description>
                    <responses>
                        <response name="GetGroupSuggestionResponse" code="200"
                            messageFormatterType="application/octet+idataoref" builderType="application/xml"
                            documentRef="wmlinkedin_v1.doctypes:GetGroupSuggestionResponse"
                            excludeRoot="true" />
                        <response name="ErrorResponse" code="400-404"
                            messageFormatterType="application/octet+idataoref" builderType="application/xml"
                            documentRef="wmlinkedin_v1.doctypes:ErrorResponse" excludeRoot="true" />
                    </responses>
                </resource>

                <!-- Get User Updates -->
                <resource method="GET" path="/people/~/network/updates"
                    name="GetUserUpdates" displayName="Get User Updates">
                    <description>Returns the updates performed by the user.</description>
                    <responses>
                        <response name="GetUserUpdatesResponse" code="200"
                            messageFormatterType="application/octet+idataoref" builderType="application/xml"
                            documentRef="wmlinkedin_v1.doctypes:GetUserUpdatesResponse"
                            excludeRoot="true" />
                        <response name="ErrorResponse" code="400-404"
                            messageFormatterType="application/octet+idataoref" builderType="application/xml"
                            documentRef="wmlinkedin_v1.doctypes:ErrorResponse" excludeRoot="true" />
                    </responses>
                </resource>

                <!-- Get User Connections -->
                <resource method="GET" path="/people/~/connections" name="GetUserConnections"
                    displayName="Get User Connections">
                    <description>Returns the user&apos;s connections.</description>
                    <responses>
                        <response name="GetUserConnectionsResponse" code="200"
                            messageFormatterType="application/octet+idataoref" builderType="application/xml"
                            documentRef="wmlinkedin_v1.doctypes:GetUserConnectionsResponse"
                            excludeRoot="true" />
                        <response name="ErrorResponse" code="400-404"
                            messageFormatterType="application/octet+idataoref" builderType="application/xml"
                            documentRef="wmlinkedin_v1.doctypes:ErrorResponse" excludeRoot="true" />
                    </responses>
                </resource>

                <!-- Post Content Share -->
                <resource method="POST" path="/people/~/shares" name="PostContentShare"
                    displayName="Post Content Share">
                    <description>Posts content on the user&apos;s wall.</description>
                    <request name="PostContentShareRequest"
                        messageFormatterType="application/xml" builderType="application/octet+idataoref"
                        documentRef="wmlinkedin_v1.doctypes:PostContentShareRequest"
                        excludeRoot="true" />
                    <responses>
                        <response name="PostContentShareResponse" code="201"
                            messageFormatterType="application/octet+idataoref" builderType="application/xml"
                            documentRef="wmlinkedin_v1.doctypes:PostContentShareResponse"
                            excludeRoot="true" />
                        <response name="ErrorResponse" code="400-404"
                            messageFormatterType="application/octet+idataoref" builderType="application/xml"
                            documentRef="wmlinkedin_v1.doctypes:ErrorResponse" excludeRoot="true" />
                    </responses>
                </resource>

                <!-- Create Group Discussion -->
                <resource method="POST" path="/groups/{groupid}/posts"
                    name="CreateGroupDiscussion" displayName="Create Group Discussion">
                    <description>Creates a group discussion in the specified group.
                    </description>
                    <parameters>
                        <parameter name="groupid" isRequired="true" style="URI_CONTEXT">
                            <description>The group id (can be obtained  by invoking resource &quot;Get
                                Group Membership Details&quot;).</description>
                        </parameter>
                    </parameters>
                    <request name="CreateGroupDiscussionRequest"
                        messageFormatterType="application/xml" builderType="application/octet+idataoref"
                        documentRef="wmlinkedin_v1.doctypes:CreateGroupDiscussionRequest"
                        excludeRoot="true" />
                    <responses>
                        <response name="GroupDiscussionCreated" code="201"
                            messageFormatterType="application/octet+idataoref" builderType="application/xml"
                            documentRef="wmlinkedin_v1.doctypes:EmptyResponse" excludeRoot="true"/>
                        <response name="ErrorResponse" code="400-404"
                            messageFormatterType="application/octet+idataoref" builderType="application/xml"
                            documentRef="wmlinkedin_v1.doctypes:ErrorResponse" excludeRoot="true"/>
                    </responses>
                </resource>

                <!-- Get Group Membership Details -->
                <resource method="GET"
                    path="/people/~/group-memberships:(group:(id,name),membership-state,show-group-logo-in-profile,allow-messages-from-members,email-digest-frequency,email-announcements-from-managers,email-for-every-new-post)"
                    name="GetGroupMembershipDetails" displayName="Get Group Membership Details">
                    <description>Returns group details of the user.</description>
                    <responses>
                        <response name="GetGroupMembershipDetailsResponse" code="200"
                            messageFormatterType="application/octet+idataoref" builderType="application/xml"
                            documentRef="wmlinkedin_v1.doctypes:GetGroupMembershipDetailsResponse"
                            excludeRoot="true" />
                        <response name="ErrorResponse" code="400-404"
                            messageFormatterType="application/octet+idataoref" builderType="application/xml"
                            documentRef="wmlinkedin_v1.doctypes:ErrorResponse" excludeRoot="true" />
                    </responses>
                </resource>

                <!-- Get Group Post Details -->
                <resource method="GET" path="/groups/{groupid}:(id,name,posts)"
                    name="GetGroupPostDetails" displayName="Get Group Post Details">
                    <description>Returns details of the posts present in a particular
                        group.
                    </description>
                    <parameters>
                        <parameter name="groupid" isRequired="true" style="URI_CONTEXT">
                            <description>The group id (can be obtained  by invoking resource &quot;Get
                                Group Membership Details&quot;).</description>
                        </parameter>
                    </parameters>
                    <responses>
                        <response name="GetGroupPostDetailsResponse" code="200"
                            messageFormatterType="application/octet+idataoref" builderType="application/xml"
                            documentRef="wmlinkedin_v1.doctypes:GetGroupPostDetailsResponse"
                            excludeRoot="true"/>
                        <response name="ErrorResponse" code="400-404"
                            messageFormatterType="application/octet+idataoref" builderType="application/xml"
                            documentRef="wmlinkedin_v1.doctypes:ErrorResponse" excludeRoot="true"/>
                    </responses>
                </resource>

                <!-- Delete Group Posts -->
                <resource method="DELETE" path="/posts/{postid}" name="DeleteGroupPosts"
                    displayName="Delete Group Posts">
                    <description>Deletes the post on the group.</description>
                    <parameters>
                        <parameter name="postid" isRequired="true" style="URI_CONTEXT">
                            <description>The post id (can be obtained by invoking resource &quot;Get
                                Group Post Details&quot;).</description>
                        </parameter>
                    </parameters>
                    <responses>
                        <response name="GroupPostDeleted" code="204"
                            messageFormatterType="application/octet+idataoref" builderType="application/xml"
                            documentRef="wmlinkedin_v1.doctypes:EmptyResponse" excludeRoot="true"/>
                        <response name="ErrorResponse" code="400-404"
                            messageFormatterType="application/octet+idataoref" builderType="application/xml"
                            documentRef="wmlinkedin_v1.doctypes:ErrorResponse" excludeRoot="true"/>
                    </responses>
                </resource>
            </resources>
        </service>
    </services>
</rest-connector>
